{
  "no_method_error": "Invalid data in request!",
  "blank": "Blank data in request!",
  "client_version/new_client_version_exists": "New app update available!",
  "invalid_client": "Identifier basic encryption invalid!",
  "invalid_token": "Session has expired!",
  "unauthorized": "Cannot access servers... perhaps use a VPN?",
  "oauth2_mac_rails/client_transferred": "Account was transferred elsewhere!",
  "oauth2_mac_rails/link_code_not_found": "Transfer code not found!",
  "not_found_linked_facebook": "Account is not linked to facebook!",
  "already_linked_facebook_by_others": "Facebook is already linked!",
  "client_database/new_version_exists": "Outdated database timestamp!",
  "client_assets/new_version_exists": "Outdated asset timestamp!",
  "active_record/record_not_found": "Not active / found!",
  "no_condition_to_try_the_quest_is_fulfilled": "Area not unlocked / found!",
  "invalid_area_conditions_potential_releasable": "Potential not unlocked!",
  "already_accepted_mission_rewards": "You already claimed!",
  "act_is_not_enough": "Low on stamina!",
  "the_number_of_cards_must_be_less_than_or_equal_to_the_capacity": "Box capacity exceeded!",
  "invalid_only_card_quest_limitation_conditions": "Team does not meet stage condition(s)!",
  "invalid_requiring_card_quest_limitation_conditions": "Team does not have required Card(s)!",
  "z_battle_check_point_does_not_exist": "Level not unlocked / already cleared!",
  "no_condition_to_try_z_battle_is_fulfilled": "EZA not unlocked / found!",
  "invalid_only_element_quest_limitation_conditions": "Team (Type) does not meet conditions!",
  "invalid_allowed_category_quest_limitation_conditions": "Team (Category) does not meet conditions!",
  "invalid_requiring_element_quest_limitation_conditions": "Team does not have required Type(s)!",
  "visited_count_of_the_quest_reaches_the_limit": "Maximum runs for this stage reached!",
  "act_is_already_maximum": "Stamina already full!",
  "user_comeback_campaign_is_not_found": "No hercule/comeback campaign active!",
  "max_act_is_not_enough": "Required max stamina not enough!",
  "special_item_is_not_enough": "Not enough special items! (coins/tickets)",
  "card_unique_info_ids_must_be_unique": "Card info must be Unique!",
  "boost_point_is_not_enough": "No bonus available!",
  "can_not_boost_not_cleared_sugoroku_map": "Cannot use bonus on uncleared stage!",
  "cannot_draw_the_gasha": "Unable to summon!",
  "not_exist_supporter_caches": "No support found for stage!",
  "total_cost_of_cards_must_be_less_than_or_equal_to_the_capacity": "Team cost is over maximum!",
  "contains_unteamable_card": "Card cannot be set to team.",
  "boost_schedule_id_is_invalid": "Boost ID invalid or can't use on stage!",
  "boost_schedule_is_not_within_period": "Boost not available for use!",
  "can_not_destroy_the_supporter_leader_card": "Cannot sell/exchange support leader!",
  "invalid_eventkagi_item": "Invalid event key used!",
  "unavailable_user_card_in_rmbattle_deck": "Card cannot be used in clash!",
  "cannot_battle_boss_before_defeat_other_enemies": "Previous clash stage not cleared!",
  "stage_not_found_in_current_rmbattle": "No clash stage or previous not cleared!",
  "stage_not_found_in_current_rmbattle_level": "No clash stage or previous not cleared!",
  "unavailable_quest": "Area is not active!",
  "open_ssl/cipher/cipher_error": "Invalid sign sent!",
  "z_battle_level_must_be_greater_than_0": "Cannot clear EZA level 0!",
  "card_ids_must_be_unique": "Cannot clear with already used cards!",
  "creating_link_code_is_deprecated": "Transfer codes no longer exist!",
  "active_record/not_null_violation": "Missing data in record payload!",
  "too_many_cards": "Too many cards provided!",
  "the_number_of_item_card_must_be_less_than_or_equal_to_the_capacity": "Item card quantity exceeds maximum!",
  "boost_schedule_is_not_within_the_period": "You ran out of boosts; turn off \"bonus\" toggle!",
  "stone_is_not_enough": "Not enough dragon stones!",
  "too_many_card_ids": "Too many card(s) being used!",
  "user/name_contains_unuseable_word": "Name is unusable or too long!",
  "Too many concurrent connections now. \n Please try again later.": "You created too many accounts! wait 1 hour or use a VPN.",
  "\\xe7\\x8f\\xbe\\xe5\\x9c\\xa8\\xe3\\x82\\xa2\\xe3\\x82\\xaf\\xe3\\x82\\xbb\\xe3\\x82\\xb9\\xe3\\x81\\x8c\\xe9\\x9b\\x86\\xe4\\xb8\\xad\\xe3\\x81\\x97\\xe3\\x81\\xa6\\xe3\\x81\\x84\\xe3\\x81\\xbe\\xe3\\x81\\x99\\xe3\\x80\\x82\n\\xe3\\x81\\x97\\xe3\\x81\\xb0\\xe3\\x82\\x89\\xe3\\x81\\x8f\\xe7\\xb5\\x8c\\xe3\\x81\\xa3\\xe3\\x81\\xa6\\xe3\\x81\\x8b\\xe3\\x82\\x89\\xe5\\x86\\x8d\\xe5\\xba\\xa6\\xe3\\x81\\x8a\\xe8\\xa9\\xa6\\xe3\\x81\\x97\\xe3\\x81\\x8f\\xe3\\x81\\xa0\\xe3\\x81\\x95\\xe3\\x81\\x84\\xe3\\x80\\x82": "You created too many accounts! wait 1 hour or use a VPN.",
  "z_battle_stage_is_out_of_date": "This EZA is no longer available!",
  "invalid_card_quantity": "Card quantity cannot be None!",
  "invalid_item_card_quantity": "Item card quantity cannot be None!",
  "can_not_destroy_the_favorite_card": "Cannot sell/baba favorite card!",
  "tournament/deck_custom_forbid": "Cannot set while slot in world tournament!",
  "item_card_is_not_found": "Item card does not exist!",
  "invalid_facebook_id": "Invalid facebook ID! try again.",
  "can_not_destroy_the_card_that_using_team": "Cannot sell/exchange card on team!",
  "all_dragonballs_are_not_collected": "You did not collect all dragonballs!",
  "wishes_contains_a_ungrantable_wish": "Cannot grant this wish!"
}